hora,rpm,map_kpa,iat_c,speed_kmh,maf_estimado_gs,maf_referencia_gs,fuel_gs,instant_Lh,instant_L100km,trip_km,trip_fuel_L
08:07:48,1392,35.0,14.0,25.0,6.433,6.400,0.438,2.11,8.5,0.002,0.0002
08:07:49,1421,33.0,13.0,25.0,6.199,6.240,0.422,2.04,8.2,0.011,0.0009
08:07:51,1440,32.0,13.0,26.0,6.082,5.930,0.414,2.00,7.7,0.021,0.0017
08:07:52,1445,29.0,13.0,26.0,5.532,4.670,0.376,1.82,7.0,0.031,0.0023
08:07:55,1389,23.0,13.0,25.0,4.232,4.570,0.288,1.39,5.6,0.040,0.0029
08:07:56,1434,23.0,13.0,25.0,4.355,4.380,0.296,1.43,5.7,0.049,0.0034
08:07:57,1431,24.0,13.0,25.0,4.537,4.330,0.309,1.49,6.0,0.058,0.0039
08:07:59,1406,22.0,13.0,25.0,4.094,3.820,0.279,1.35,5.4,0.067,0.0044
08:08:00,1376,17.0,13.0,24.0,3.102,2.450,0.211,1.02,4.2,0.077,0.0048
08:08:01,1307,20.0,13.0,23.0,3.482,2.600,0.237,1.14,5.0,0.085,0.0052
08:08:03,1243,17.0,13.0,22.0,2.827,2.420,0.192,0.93,4.2,0.093,0.0056
08:08:04,1164,18.0,13.0,21.0,2.818,2.390,0.192,0.93,4.4,0.101,0.0059
08:08:05,1144,17.0,13.0,20.0,2.620,2.390,0.178,0.86,4.3,0.108,0.0062
08:08:07,998,19.0,13.0,16.0,2.578,2.680,0.175,0.85,5.3,0.114,0.0065
08:08:08,714,25.0,13.0,10.0,2.435,2.420,0.166,0.80,8.0,0.118,0.0068
08:08:09,910,22.0,13.0,6.0,2.733,2.390,0.186,0.90,15.0,0.120,0.0072
08:08:11,922,22.0,14.0,5.0,2.758,2.370,0.188,0.91,18.1,0.122,0.0075
08:08:12,957,44.0,13.0,4.0,5.740,5.110,0.390,1.89,47.2,0.123,0.0082
08:08:13,600,57.0,13.0,7.0,4.671,6.620,0.318,1.54,21.9,0.126,0.0088
08:08:15,972,57.0,13.0,10.0,7.543,9.760,0.513,2.48,24.8,0.130,0.0097
08:08:16,1385,55.0,14.0,15.0,10.058,11.690,0.684,3.31,22.0,0.135,0.0109
08:08:17,1746,52.0,14.0,19.0,11.898,13.100,0.809,3.91,20.6,0.142,0.0123
08:08:19,2068,49.0,14.0,21.0,13.281,2.630,0.903,4.37,20.8,0.150,0.0139
08:08:20,1738,15.0,14.0,20.0,3.417,7.900,0.232,1.12,5.6,0.157,0.0143
08:08:21,1146,53.0,14.0,21.0,8.146,9.070,0.554,2.68,12.8,0.165,0.0153
08:08:22,1261,53.0,14.0,23.0,8.897,8.730,0.605,2.92,12.7,0.173,0.0164
08:08:24,1333,40.0,14.0,24.0,7.066,6.780,0.481,2.32,9.7,0.182,0.0173
08:08:25,1343,37.0,14.0,24.0,6.579,6.730,0.448,2.16,9.0,0.191,0.0181
08:08:26,1331,35.0,14.0,24.0,6.174,6.670,0.420,2.03,8.5,0.200,0.0188
08:08:28,1331,36.0,14.0,24.0,6.351,5.980,0.432,2.09,8.7,0.209,0.0196
08:08:29,1310,33.0,14.0,23.0,5.736,4.910,0.390,1.89,8.2,0.217,0.0203
08:08:30,1268,24.0,14.0,22.0,4.052,2.390,0.276,1.33,6.1,0.225,0.0208
08:08:32,1181,18.0,14.0,20.0,2.845,2.420,0.194,0.94,4.7,0.232,0.0211
08:08:33,1082,18.0,14.0,18.0,2.624,2.450,0.179,0.86,4.8,0.239,0.0214
08:08:34,1015,19.0,14.0,18.0,2.609,3.980,0.177,0.86,4.8,0.246,0.0217
08:08:36,978,31.0,14.0,18.0,4.114,4.720,0.280,1.35,7.5,0.252,0.0222
08:08:37,1030,34.0,14.0,19.0,4.735,4.810,0.322,1.56,8.2,0.260,0.0228
08:08:38,1082,32.0,14.0,19.0,4.665,4.070,0.317,1.53,8.1,0.267,0.0234
08:08:40,1110,22.0,14.0,20.0,3.285,2.390,0.223,1.08,5.4,0.274,0.0238
08:08:41,1081,18.0,14.0,19.0,2.622,2.420,0.178,0.86,4.5,0.281,0.0241
08:08:42,1043,18.0,14.0,18.0,2.536,2.340,0.173,0.83,4.6,0.288,0.0244
08:08:44,982,19.0,14.0,17.0,2.531,2.390,0.172,0.83,4.9,0.294,0.0247
08:08:45,953,20.0,14.0,16.0,2.590,2.540,0.176,0.85,5.3,0.300,0.0251
08:08:46,790,24.0,14.0,12.0,2.578,2.370,0.175,0.85,7.1,0.305,0.0254
08:08:48,907,21.0,14.0,10.0,2.591,2.390,0.176,0.85,8.5,0.308,0.0257
08:08:49,904,22.0,14.0,7.0,2.705,2.370,0.184,0.89,12.7,0.311,0.0260
08:08:50,741,33.0,14.0,8.0,3.326,5.980,0.226,1.09,13.7,0.314,0.0264
08:08:52,814,53.0,14.0,9.0,5.863,7.240,0.399,1.93,21.4,0.317,0.0271
08:08:53,1128,53.0,14.0,12.0,8.030,9.480,0.546,2.64,22.0,0.322,0.0281
08:08:54,1462,48.0,14.0,15.0,9.220,8.800,0.627,3.03,20.2,0.327,0.0292
08:08:56,1668,25.0,14.0,17.0,5.465,8.870,0.372,1.80,10.6,0.333,0.0299
08:08:58,1634,18.0,14.0,16.0,3.854,3.580,0.262,1.27,7.9,0.339,0.0303
08:09:00,1551,15.0,14.0,14.0,3.048,2.420,0.207,1.00,7.2,0.344,0.0307
08:09:01,1259,16.0,14.0,12.0,2.682,2.390,0.182,0.88,7.3,0.349,0.0310
08:09:02,1095,23.0,14.0,10.0,3.390,4.110,0.231,1.11,11.1,0.352,0.0314
08:09:04,963,39.0,14.0,10.0,5.099,7.010,0.347,1.68,16.8,0.356,0.0321
08:09:05,1142,51.0,14.0,12.0,7.819,8.930,0.532,2.57,21.4,0.361,0.0330
08:09:06,1450,47.0,14.0,15.0,8.962,9.620,0.610,2.95,19.6,0.366,0.0341
08:09:08,1652,43.0,14.0,17.0,9.310,9.340,0.633,3.06,18.0,0.373,0.0353
08:09:09,1812,37.0,14.0,19.0,8.783,9.070,0.598,2.89,15.2,0.380,0.0363
08:09:10,1917,35.0,14.0,19.0,8.793,9.130,0.598,2.89,15.2,0.387,0.0374
08:09:12,1982,34.0,14.0,20.0,8.833,8.930,0.601,2.90,14.5,0.394,0.0385
08:09:13,2051,34.0,14.0,21.0,9.137,9.410,0.622,3.00,14.3,0.402,0.0396
08:09:14,2092,33.0,14.0,21.0,9.046,9.200,0.615,2.97,14.2,0.410,0.0407
08:09:16,2111,28.0,14.0,21.0,7.747,2.480,0.527,2.55,12.1,0.417,0.0416
08:09:17,1668,15.0,14.0,20.0,3.279,4.070,0.223,1.08,5.4,0.425,0.0420
08:09:18,1060,40.0,14.0,19.0,5.723,3.860,0.389,1.88,9.9,0.432,0.0427
08:09:20,1042,21.0,14.0,18.0,2.956,2.450,0.201,0.97,5.4,0.438,0.0431
08:09:21,917,22.0,14.0,15.0,2.743,2.420,0.187,0.90,6.0,0.444,0.0434
08:09:22,841,46.0,14.0,14.0,5.259,5.880,0.358,1.73,12.3,0.449,0.0441
08:09:24,816,54.0,14.0,15.0,5.995,6.620,0.408,1.97,13.1,0.455,0.0448
08:09:25,920,52.0,14.0,17.0,6.505,6.730,0.443,2.14,12.6,0.461,0.0456
08:09:26,989,49.0,14.0,18.0,6.570,6.840,0.447,2.16,12.0,0.468,0.0464
08:09:28,1080,44.0,14.0,19.0,6.403,5.260,0.436,2.10,11.1,0.475,0.0472
08:09:29,1100,25.0,14.0,19.0,3.702,2.480,0.252,1.22,6.4,0.482,0.0476
08:09:30,1042,20.0,14.0,18.0,2.815,2.370,0.192,0.93,5.1,0.489,0.0480
08:09:32,966,20.0,14.0,17.0,2.622,2.340,0.178,0.86,5.1,0.495,0.0483
08:09:33,896,21.0,14.0,16.0,2.560,2.420,0.174,0.84,5.3,0.501,0.0486
08:09:34,692,26.0,14.0,9.0,2.445,2.280,0.166,0.80,8.9,0.504,0.0489
08:09:36,904,22.0,14.0,5.0,2.705,4.620,0.184,0.89,17.8,0.506,0.0492
08:09:37,570,60.0,14.0,7.0,4.653,7.120,0.316,1.53,21.8,0.508,0.0498
08:09:38,1048,60.0,14.0,11.0,8.489,10.410,0.577,2.79,25.4,0.512,0.0508
08:09:40,1545,56.0,14.0,17.0,11.338,12.200,0.771,3.73,21.9,0.519,0.0522
08:09:41,1938,42.0,14.0,20.0,10.664,7.120,0.725,3.51,17.5,0.526,0.0535
08:09:42,1969,22.0,14.0,19.0,5.676,2.680,0.386,1.87,9.8,0.533,0.0542
08:09:44,1738,16.0,14.0,17.0,3.645,3.820,0.248,1.20,7.0,0.539,0.0546
08:09:45,1522,15.0,14.0,15.0,2.993,2.310,0.204,0.98,6.6,0.545,0.0550
08:09:46,1293,21.0,14.0,12.0,3.608,2.390,0.245,1.19,9.9,0.549,0.0554
08:09:48,1062,19.0,14.0,10.0,2.723,5.620,0.185,0.90,9.0,0.553,0.0558
08:09:49,1071,40.0,14.0,11.0,5.777,9.000,0.393,1.90,17.3,0.557,0.0565
08:09:50,1303,50.0,14.0,13.0,8.649,8.410,0.588,2.84,21.9,0.562,0.0575
08:09:52,1346,42.0,14.0,13.0,7.484,7.410,0.509,2.46,18.9,0.567,0.0584
08:09:53,1358,39.0,14.0,13.0,7.009,5.980,0.477,2.30,17.7,0.572,0.0593
08:09:54,1276,21.0,14.0,12.0,3.563,5.470,0.242,1.17,9.8,0.576,0.0597
08:09:56,1095,38.0,14.0,11.0,5.600,5.620,0.381,1.84,16.7,0.580,0.0604
08:09:57,1070,32.0,14.0,10.0,4.618,2.390,0.314,1.52,15.2,0.584,0.0609
08:09:58,995,21.0,14.0,10.0,2.831,2.310,0.193,0.93,9.3,0.587,0.0613
08:10:00,840,22.0,14.0,8.0,2.512,2.370,0.171,0.83,10.3,0.590,0.0616
08:10:01,919,21.0,14.0,5.0,2.624,2.280,0.179,0.86,17.3,0.592,0.0619
08:10:02,910,21.0,14.0,5.0,2.599,2.650,0.177,0.85,17.1,0.594,0.0622
08:10:04,825,41.0,14.0,5.0,4.601,4.470,0.313,1.51,30.2,0.596,0.0628
08:10:05,766,45.0,14.0,8.0,4.686,8.150,0.319,1.54,19.3,0.599,0.0633
08:10:06,1186,56.0,14.0,14.0,8.884,8.340,0.604,2.92,20.9,0.604,0.0644
08:10:08,1545,20.0,14.0,15.0,4.049,2.370,0.275,1.33,8.9,0.610,0.0649
08:10:09,1400,15.0,15.0,14.0,2.762,3.740,0.188,0.91,6.5,0.615,0.0652
08:10:10,1268,30.0,15.0,13.0,5.043,7.360,0.343,1.66,12.8,0.620,0.0659
08:10:12,1507,53.0,15.0,16.0,10.429,12.820,0.709,3.43,21.4,0.626,0.0671
08:10:13,1952,53.0,15.0,21.0,13.512,15.290,0.919,4.44,21.2,0.634,0.0689
08:10:14,2389,28.0,15.0,24.0,8.735,2.710,0.594,2.87,12.0,0.643,0.0699
08:10:16,1608,21.0,15.0,24.0,4.411,8.470,0.300,1.45,6.0,0.651,0.0705
08:10:17,1411,46.0,15.0,26.0,8.528,9.830,0.580,2.80,10.8,0.661,0.0715
08:10:18,1542,49.0,15.0,28.0,9.867,7.710,0.671,3.24,11.6,0.672,0.0727
08:10:20,1622,21.0,15.0,29.0,4.448,2.310,0.303,1.46,5.0,0.682,0.0733
08:10:21,1575,15.0,15.0,28.0,3.086,2.340,0.210,1.01,3.6,0.693,0.0737
08:10:22,1500,15.0,15.0,26.0,2.938,2.280,0.200,0.97,3.7,0.703,0.0740
08:10:24,1302,15.0,15.0,21.0,2.584,2.310,0.176,0.85,4.0,0.710,0.0743
08:10:25,971,19.0,15.0,15.0,2.494,2.800,0.170,0.82,5.5,0.716,0.0746
08:10:26,844,23.0,15.0,7.0,2.630,2.280,0.179,0.86,12.3,0.718,0.0749
08:10:28,892,22.0,15.0,4.0,2.661,2.570,0.181,0.87,21.9,0.720,0.0753
08:10:29,630,50.0,15.0,7.0,4.268,7.960,0.290,1.40,20.0,0.723,0.0758
08:10:30,1255,59.0,15.0,14.0,9.829,12.910,0.669,3.23,23.1,0.728,0.0770
08:10:32,1921,56.0,15.0,21.0,14.049,16.300,0.956,4.62,22.0,0.735,0.0787
08:10:33,2468,18.0,15.0,25.0,5.801,2.630,0.395,1.91,7.6,0.745,0.0794
08:10:34,1516,33.0,15.0,26.0,6.532,11.520,0.444,2.15,8.3,0.754,0.0802
08:10:36,1581,56.0,15.0,30.0,11.562,12.560,0.787,3.80,12.7,0.765,0.0816
08:10:37,1795,49.0,15.0,33.0,11.486,9.760,0.781,3.78,11.4,0.777,0.0829
08:10:38,1909,25.0,15.0,34.0,6.233,2.340,0.424,2.05,6.0,0.790,0.0837
08:10:40,1850,15.0,15.0,32.0,3.623,2.310,0.246,1.19,3.7,0.802,0.0841
08:10:41,1698,15.0,15.0,29.0,3.327,2.340,0.226,1.09,3.8,0.812,0.0845
08:10:42,1375,15.0,15.0,22.0,2.716,2.450,0.185,0.89,4.1,0.821,0.0849
08:10:44,892,21.0,15.0,11.0,2.540,2.280,0.173,0.83,7.6,0.825,0.0852
08:10:45,892,40.0,15.0,8.0,4.832,9.830,0.329,1.59,19.9,0.828,0.0858
08:10:46,1314,60.0,15.0,15.0,10.421,13.380,0.709,3.43,22.8,0.833,0.0871
08:10:48,1957,57.0,14.0,21.0,14.618,16.420,0.994,4.81,22.9,0.841,0.0888
08:10:49,2471,27.0,14.0,25.0,8.742,2.650,0.595,2.87,11.5,0.850,0.0899
08:10:50,1637,28.0,14.0,25.0,6.006,11.440,0.409,1.97,7.9,0.859,0.0906
08:10:52,1538,58.0,14.0,29.0,11.690,12.560,0.795,3.84,13.3,0.870,0.0920
08:10:53,1724,58.0,14.0,32.0,13.102,13.950,0.891,4.31,13.5,0.882,0.0936
08:10:54,1907,56.0,14.0,35.0,13.997,11.860,0.952,4.60,13.1,0.895,0.0953
08:10:56,2055,46.0,14.0,37.0,12.386,13.000,0.843,4.07,11.0,0.908,0.0968
08:10:57,2148,16.0,14.0,38.0,4.505,2.420,0.306,1.48,3.9,0.922,0.0974
08:10:58,1421,50.0,14.0,38.0,9.360,10.120,0.637,3.08,8.1,0.936,0.0985
08:11:00,1493,51.0,14.0,40.0,9.985,10.120,0.679,3.28,8.2,0.951,0.0997
08:11:01,1547,49.0,14.0,41.0,9.934,9.760,0.676,3.27,8.0,0.967,0.1009
08:11:02,1584,46.0,14.0,42.0,9.549,9.620,0.650,3.14,7.5,0.982,0.1021
08:11:04,1613,37.0,14.0,43.0,7.822,4.810,0.532,2.57,6.0,0.998,0.1031
08:11:05,1591,15.0,14.0,41.0,3.127,2.280,0.213,1.03,2.5,1.014,0.1034
08:11:06,1516,15.0,14.0,39.0,2.981,2.230,0.203,0.98,2.5,1.028,0.1038
08:11:08,1375,15.0,14.0,34.0,2.726,2.260,0.185,0.90,2.6,1.040,0.1041
08:11:09,997,19.0,14.0,22.0,2.566,2.310,0.175,0.84,3.8,1.048,0.1044
08:11:10,884,23.0,14.0,11.0,2.764,7.300,0.188,0.91,8.3,1.053,0.1048
08:11:12,756,60.0,14.0,14.0,6.166,7.650,0.419,2.03,14.5,1.058,0.1056
08:11:13,955,60.0,14.0,18.0,7.784,9.130,0.530,2.56,14.2,1.065,0.1065
08:11:14,1159,60.0,14.0,22.0,9.324,10.190,0.634,3.06,13.9,1.073,0.1077
08:11:16,1356,59.0,14.0,25.0,10.589,11.520,0.720,3.48,13.9,1.082,0.1089
08:11:17,1553,58.0,14.0,29.0,11.802,12.640,0.803,3.88,13.4,1.093,0.1104
08:11:18,1746,56.0,14.0,33.0,12.813,6.780,0.872,4.21,12.8,1.105,0.1119
08:11:20,1854,15.0,14.0,33.0,3.645,3.350,0.248,1.20,3.6,1.117,0.1124
08:11:21,1272,53.0,14.0,35.0,8.973,9.480,0.610,2.95,8.4,1.130,0.1134
08:11:22,1380,49.0,14.0,37.0,8.933,7.240,0.608,2.94,7.9,1.144,0.1145
08:11:24,1444,34.0,14.0,38.0,6.459,6.900,0.439,2.12,5.6,1.158,0.1153
08:11:25,1482,35.0,14.0,40.0,6.808,7.410,0.463,2.24,5.6,1.172,0.1161
08:11:26,1512,37.0,14.0,40.0,7.330,7.530,0.499,2.41,6.0,1.187,0.1170
08:11:28,1532,36.0,14.0,41.0,7.229,7.120,0.492,2.38,5.8,1.202,0.1179
08:11:29,1532,34.0,14.0,41.0,6.827,6.840,0.464,2.24,5.5,1.218,0.1187
08:11:30,1539,36.0,14.0,41.0,7.261,7.710,0.494,2.39,5.8,1.233,0.1196
08:11:32,1552,38.0,14.0,41.0,7.727,8.020,0.526,2.54,6.2,1.248,0.1205
08:11:33,1564,41.0,14.0,41.0,8.401,8.870,0.571,2.76,6.7,1.263,0.1216
08:11:34,1595,41.0,14.0,42.0,8.568,8.730,0.583,2.82,6.7,1.278,0.1226
08:11:36,1638,37.0,14.0,44.0,7.941,6.400,0.540,2.61,5.9,1.294,0.1236
08:11:37,1666,25.0,14.0,44.0,5.458,3.940,0.371,1.79,4.1,1.311,0.1243
08:11:38,1646,15.0,14.0,43.0,3.235,2.200,0.220,1.06,2.5,1.327,0.1246
08:11:40,1597,15.0,14.0,41.0,3.139,2.200,0.214,1.03,2.5,1.342,0.1250
08:11:41,1447,15.0,14.0,36.0,2.855,2.260,0.194,0.94,2.6,1.356,0.1254
08:11:42,1125,16.0,14.0,25.0,2.418,2.370,0.165,0.79,3.2,1.365,0.1257
08:11:44,858,21.0,14.0,14.0,2.452,2.230,0.167,0.81,5.8,1.370,0.1260
08:11:45,852,58.0,14.0,14.0,6.724,7.650,0.457,2.21,15.8,1.376,0.1268
08:11:46,957,62.0,14.0,18.0,8.059,9.550,0.548,2.65,14.7,1.382,0.1278
08:11:48,1205,61.0,14.0,23.0,9.824,10.800,0.668,3.23,14.0,1.391,0.1290
08:11:49,1426,59.0,14.0,27.0,11.079,11.110,0.754,3.64,13.5,1.401,0.1303
08:11:50,1618,33.0,14.0,29.0,6.998,2.480,0.476,2.30,7.9,1.411,0.1311
08:11:52,1596,15.0,14.0,28.0,3.137,3.170,0.213,1.03,3.7,1.422,0.1315
08:11:53,1522,30.0,14.0,27.0,5.986,7.840,0.407,1.97,7.3,1.431,0.1322
08:11:54,1564,36.0,14.0,28.0,7.376,7.650,0.502,2.42,8.7,1.442,0.1331
08:11:56,1614,35.0,14.0,29.0,7.404,8.600,0.504,2.43,8.4,1.452,0.1340
08:11:57,1688,39.0,14.0,30.0,8.630,9.550,0.587,2.84,9.5,1.464,0.1351
08:11:58,1759,44.0,14.0,32.0,10.141,9.830,0.690,3.33,10.4,1.476,0.1363
08:12:00,1821,20.0,14.0,33.0,4.773,2.280,0.325,1.57,4.8,1.488,0.1369
08:12:01,1170,30.0,14.0,32.0,4.702,7.900,0.320,1.55,4.8,1.500,0.1375
08:12:02,1234,46.0,14.0,33.0,7.569,7.360,0.515,2.49,7.5,1.512,0.1384
08:12:04,1279,29.0,14.0,34.0,4.934,2.340,0.336,1.62,4.8,1.525,0.1390
08:12:05,1255,17.0,14.0,33.0,2.842,2.260,0.193,0.93,2.8,1.537,0.1394
08:12:06,1159,16.0,14.0,28.0,2.486,2.200,0.169,0.82,2.9,1.548,0.1397
08:12:08,860,21.0,14.0,18.0,2.454,2.260,0.167,0.81,4.5,1.554,0.1400
08:12:09,875,22.0,14.0,14.0,2.618,9.200,0.178,0.86,6.1,1.559,0.1403
08:12:10,878,61.0,14.0,17.0,7.283,8.410,0.495,2.39,14.1,1.566,0.1412
08:12:12,1080,61.0,14.0,20.0,8.877,9.760,0.604,2.92,14.6,1.573,0.1423
08:12:13,1286,60.0,14.0,24.0,10.259,11.110,0.698,3.37,14.1,1.582,0.1435
08:12:14,1482,59.0,14.0,28.0,11.469,12.470,0.780,3.77,13.5,1.592,0.1449
08:12:16,1676,58.0,14.0,31.0,12.737,13.660,0.866,4.19,13.5,1.603,0.1464
08:12:17,1849,58.0,14.0,34.0,14.052,12.030,0.956,4.62,13.6,1.616,0.1481
08:12:18,1969,26.0,14.0,35.0,6.708,2.260,0.456,2.21,6.3,1.629,0.1489
08:12:20,1905,15.0,14.0,33.0,3.745,2.260,0.255,1.23,3.7,1.641,0.1494
08:12:21,1628,15.0,14.0,27.0,3.200,2.260,0.218,1.05,3.9,1.651,0.1498
08:12:22,1272,15.0,14.0,21.0,2.540,2.280,0.173,0.83,4.0,1.659,0.1501
08:12:24,1016,18.0,15.0,17.0,2.465,2.230,0.168,0.81,4.8,1.665,0.1504
08:12:25,781,23.0,15.0,9.0,2.435,2.280,0.166,0.80,8.9,1.668,0.1507
08:12:26,865,22.0,15.0,6.0,2.579,4.520,0.175,0.85,14.1,1.671,0.1510
08:12:28,843,61.0,15.0,9.0,6.966,10.050,0.474,2.29,25.4,1.674,0.1519
08:12:29,1453,60.0,15.0,16.0,11.423,14.350,0.777,3.75,23.5,1.680,0.1532
08:12:30,2100,58.0,15.0,23.0,15.910,12.470,1.082,5.23,22.7,1.688,0.1552
08:12:32,2232,15.0,15.0,25.0,4.371,2.390,0.297,1.44,5.7,1.698,0.1557
08:12:33,1331,16.0,15.0,24.0,2.813,2.260,0.191,0.92,3.9,1.707,0.1561
08:12:34,1247,16.0,15.0,22.0,2.650,7.900,0.180,0.87,4.0,1.715,0.1564
08:12:36,1352,56.0,15.0,25.0,9.989,10.410,0.680,3.28,13.1,1.724,0.1576
08:12:37,1545,53.0,15.0,29.0,10.694,11.860,0.727,3.52,12.1,1.735,0.1589
08:12:38,1749,49.0,15.0,32.0,11.192,8.280,0.761,3.68,11.5,1.747,0.1603
08:12:40,1869,15.0,15.0,34.0,3.662,2.370,0.249,1.20,3.5,1.759,0.1607
08:12:41,1184,17.0,15.0,34.0,2.683,2.340,0.183,0.88,2.6,1.772,0.1610
08:12:42,888,20.0,15.0,34.0,2.406,2.260,0.164,0.79,2.3,1.784,0.1613
08:12:44,877,21.0,15.0,33.0,2.496,2.230,0.170,0.82,2.5,1.797,0.1616
08:12:45,860,21.0,15.0,30.0,2.446,2.230,0.166,0.80,2.7,1.808,0.1619
08:12:46,860,21.0,15.0,25.0,2.448,2.230,0.167,0.80,3.2,1.817,0.1622
08:12:48,848,21.0,15.0,16.0,2.412,2.200,0.164,0.79,5.0,1.823,0.1625
08:12:49,862,21.0,15.0,10.0,2.454,2.200,0.167,0.81,8.1,1.826,0.1628
08:12:50,838,54.0,15.0,9.0,6.132,2.480,0.417,2.02,22.4,1.830,0.1636
08:12:52,1072,20.0,15.0,11.0,2.881,2.230,0.196,0.95,8.6,1.834,0.1639
08:12:53,1026,19.0,15.0,10.0,2.627,5.720,0.179,0.86,8.6,1.838,0.1643
08:12:54,1170,36.0,15.0,12.0,5.623,10.410,0.382,1.85,15.4,1.842,0.1650
08:12:56,1489,50.0,15.0,17.0,9.731,9.070,0.662,3.20,18.8,1.848,0.1661
08:12:57,1825,42.0,15.0,19.0,10.011,11.860,0.681,3.29,17.3,1.855,0.1674
08:12:58,2157,41.0,15.0,22.0,11.551,14.250,0.786,3.80,17.3,1.864,0.1688
08:13:00,2325,15.0,16.0,24.0,4.539,2.340,0.309,1.49,6.2,1.872,0.1693
08:13:01,1349,40.0,16.0,24.0,7.092,9.830,0.482,2.33,9.7,1.882,0.1702
08:13:02,1466,49.0,16.0,27.0,9.368,7.300,0.637,3.08,11.4,1.892,0.1713
08:13:04,1551,27.0,16.0,28.0,5.449,6.240,0.371,1.79,6.4,1.902,0.1720
08:13:05,1579,46.0,16.0,29.0,9.453,11.030,0.643,3.11,10.7,1.912,0.1731
08:13:06,1684,29.0,16.0,30.0,6.354,2.310,0.432,2.09,7.0,1.924,0.1739
08:13:08,1121,18.0,16.0,30.0,2.693,5.620,0.183,0.89,3.0,1.935,0.1742
08:13:09,1120,22.0,16.0,29.0,3.289,2.230,0.224,1.08,3.7,1.945,0.1746
08:13:10,1099,17.0,16.0,29.0,2.496,2.230,0.170,0.82,2.8,1.956,0.1749
08:13:12,998,18.0,16.0,24.0,2.417,2.390,0.164,0.79,3.3,1.965,0.1752
08:13:13,690,25.0,16.0,16.0,2.328,2.200,0.158,0.77,4.8,1.971,0.1755
08:13:14,848,22.0,16.0,8.0,2.519,2.200,0.171,0.83,10.3,1.974,0.1758
08:13:16,880,21.0,16.0,6.0,2.496,2.180,0.170,0.82,13.7,1.976,0.1761
08:13:17,709,35.0,16.0,7.0,3.351,2.230,0.228,1.10,15.7,1.979,0.1765
08:13:18,780,24.0,16.0,8.0,2.529,3.660,0.172,0.83,10.4,1.982,0.1769
08:13:20,870,32.0,16.0,10.0,3.759,7.840,0.256,1.24,12.4,1.985,0.1773
08:13:21,1248,54.0,16.0,14.0,8.919,11.190,0.607,2.93,20.9,1.991,0.1784
08:13:22,1756,51.0,16.0,19.0,11.653,12.730,0.793,3.83,20.2,1.998,0.1798
08:13:24,2106,15.0,16.0,21.0,4.112,2.340,0.280,1.35,6.4,2.006,0.1803
08:13:25,1280,47.0,16.0,22.0,7.946,8.930,0.541,2.61,11.9,2.014,0.1813
08:13:26,1377,48.0,16.0,25.0,8.673,4.620,0.590,2.85,11.4,2.023,0.1823
08:13:28,1418,17.0,16.0,25.0,3.154,2.200,0.215,1.04,4.1,2.032,0.1827
08:13:29,1361,15.0,16.0,24.0,2.682,2.260,0.182,0.88,3.7,2.041,0.1830
08:13:30,1171,15.0,16.0,18.0,2.336,2.370,0.159,0.77,4.3,2.047,0.1833
08:13:32,838,21.0,16.0,13.0,2.376,2.180,0.162,0.78,6.0,2.052,0.1836
08:13:33,850,21.0,16.0,10.0,2.412,2.200,0.164,0.79,7.9,2.056,0.1839
08:13:34,864,25.0,16.0,9.0,2.918,8.870,0.198,0.96,10.7,2.059,0.1842
08:13:36,1133,57.0,16.0,13.0,8.610,11.190,0.586,2.83,21.8,2.064,0.1853
08:13:37,1756,56.0,16.0,19.0,12.796,12.110,0.870,4.21,22.1,2.071,0.1868
08:13:38,2102,15.0,16.0,21.0,4.104,2.310,0.279,1.35,6.4,2.079,0.1873
08:13:40,1292,17.0,16.0,21.0,2.898,6.400,0.197,0.95,4.5,2.087,0.1877
08:13:41,1232,44.0,16.0,23.0,7.179,7.300,0.488,2.36,10.3,2.095,0.1886
08:13:42,1356,39.0,16.0,25.0,6.947,6.400,0.473,2.28,9.1,2.105,0.1894
08:13:44,1436,20.0,16.0,25.0,3.755,2.200,0.255,1.23,4.9,2.114,0.1899
08:13:45,1391,22.0,16.0,25.0,4.011,2.280,0.273,1.32,5.3,2.123,0.1904
08:13:46,1348,15.0,16.0,24.0,2.658,2.200,0.181,0.87,3.6,2.132,0.1907
08:13:48,1245,15.0,16.0,21.0,2.472,2.200,0.168,0.81,3.9,2.140,0.1910
08:13:49,1177,42.0,16.0,21.0,6.572,7.060,0.447,2.16,10.3,2.147,0.1918
08:13:50,1270,40.0,16.0,23.0,6.711,6.030,0.457,2.21,9.6,2.156,0.1926
08:13:52,1350,27.0,16.0,24.0,4.790,5.830,0.326,1.57,6.6,2.165,0.1932
08:13:53,1405,31.0,16.0,25.0,5.705,6.840,0.388,1.88,7.5,2.174,0.1939
08:13:54,1471,35.0,16.0,27.0,6.712,6.840,0.457,2.21,8.2,2.184,0.1947
08:13:56,1549,34.0,16.0,28.0,6.853,6.460,0.466,2.25,8.0,2.194,0.1955
08:13:57,1580,29.0,16.0,28.0,5.963,5.770,0.406,1.96,7.0,2.205,0.1963
08:13:58,1579,18.0,16.0,28.0,3.699,3.170,0.252,1.22,4.3,2.215,0.1967
08:14:00,1551,24.0,16.0,28.0,4.844,3.940,0.329,1.59,5.7,2.226,0.1973
08:14:01,1520,18.0,16.0,27.0,3.559,1.980,0.242,1.17,4.3,2.236,0.1977
08:14:02,1446,15.0,16.0,24.0,2.833,2.150,0.193,0.93,3.9,2.245,0.1981
08:14:04,1204,20.0,16.0,21.0,3.196,6.240,0.217,1.05,5.0,2.252,0.1985
08:14:05,1195,52.0,16.0,22.0,8.254,9.130,0.562,2.71,12.3,2.261,0.1995
08:14:06,1321,52.0,16.0,24.0,9.049,9.760,0.616,2.97,12.4,2.269,0.2006
08:14:08,1471,50.0,16.0,27.0,9.589,8.210,0.652,3.15,11.7,2.279,0.2017
08:14:09,1531,33.0,16.0,28.0,6.576,7.840,0.447,2.16,7.7,2.290,0.2025
08:14:10,1541,16.0,16.0,27.0,3.209,2.180,0.218,1.05,3.9,2.300,0.2029
08:14:12,1167,17.0,16.0,17.0,2.640,2.310,0.180,0.87,5.1,2.306,0.2033
08:14:13,898,45.0,16.0,12.0,5.454,10.800,0.371,1.79,14.9,2.311,0.2039
08:14:14,1583,52.0,16.0,17.0,10.713,12.560,0.729,3.52,20.7,2.317,0.2052
08:14:16,1982,53.0,16.0,21.0,13.674,14.550,0.930,4.50,21.4,2.325,0.2069
08:14:17,2434,49.0,16.0,25.0,15.518,15.850,1.056,5.10,20.4,2.334,0.2087
08:14:18,2743,36.0,16.0,28.0,12.578,2.510,0.856,4.13,14.8,2.344,0.2103
08:14:20,1808,18.0,16.0,27.0,4.234,3.540,0.288,1.39,5.2,2.354,0.2108
08:14:21,1544,15.0,16.0,26.0,3.014,2.200,0.205,0.99,3.8,2.364,0.2112
08:14:22,1272,15.0,16.0,22.0,2.520,2.180,0.171,0.83,3.8,2.372,0.2115
08:14:24,1129,16.0,16.0,19.0,2.409,2.200,0.164,0.79,4.2,2.379,0.2118
08:14:25,940,18.0,16.0,16.0,2.286,2.200,0.156,0.75,4.7,2.385,0.2120
08:14:26,810,21.0,16.0,14.0,2.296,2.420,0.156,0.75,5.4,2.390,0.2123
08:14:28,654,27.0,16.0,11.0,2.385,2.420,0.162,0.78,7.1,2.394,0.2126
08:14:29,652,29.0,16.0,12.0,2.554,2.390,0.174,0.84,7.0,2.399,0.2129
08:14:30,618,30.0,16.0,11.0,2.505,2.480,0.170,0.82,7.5,2.403,0.2132
08:14:32,602,31.0,16.0,11.0,2.518,2.420,0.171,0.83,7.5,2.407,0.2135
08:14:33,642,29.0,16.0,12.0,2.516,2.180,0.171,0.83,6.9,2.411,0.2138
08:14:34,849,22.0,16.0,11.0,2.522,2.310,0.172,0.83,7.5,2.415,0.2141
08:14:36,948,34.0,16.0,12.0,4.351,5.520,0.296,1.43,11.9,2.420,0.2147
08:14:37,772,38.0,16.0,14.0,3.964,2.280,0.270,1.30,9.3,2.425,0.2152
08:14:38,824,25.0,16.0,14.0,2.783,2.230,0.189,0.91,6.5,2.430,0.2155
08:14:40,726,25.0,16.0,12.0,2.453,2.370,0.167,0.81,6.7,2.435,0.2158
08:14:41,662,27.0,16.0,12.0,2.414,2.390,0.164,0.79,6.6,2.439,0.2161
08:14:42,626,30.0,16.0,11.0,2.536,2.480,0.173,0.83,7.6,2.443,0.2164
08:14:44,581,35.0,16.0,11.0,2.746,5.830,0.187,0.90,8.2,2.447,0.2167
08:14:45,748,55.0,16.0,14.0,5.556,7.360,0.378,1.83,13.0,2.452,0.2174
08:14:46,942,59.0,16.0,18.0,7.508,8.340,0.511,2.47,13.7,2.459,0.2183
08:14:48,1166,56.0,16.0,22.0,8.688,8.730,0.591,2.86,13.0,2.467,0.2193
08:14:49,1356,53.0,16.0,25.0,9.447,7.530,0.643,3.11,12.4,2.476,0.2205
08:14:50,1631,17.0,16.0,27.0,3.608,5.980,0.245,1.19,4.4,2.486,0.2209
08:14:52,1045,58.0,16.0,29.0,8.129,8.730,0.553,2.67,9.2,2.497,0.2219
08:14:53,1138,57.0,16.0,31.0,8.645,9.070,0.588,2.84,9.2,2.509,0.2230
08:14:54,1245,55.0,16.0,34.0,9.064,8.600,0.617,2.98,8.8,2.521,0.2241
08:14:56,1321,45.0,16.0,36.0,7.831,7.840,0.533,2.57,7.2,2.534,0.2250
08:14:57,1387,47.0,16.0,37.0,8.547,9.550,0.581,2.81,7.6,2.548,0.2261
08:14:58,1456,46.0,16.0,39.0,8.742,2.230,0.595,2.87,7.4,2.562,0.2271
08:15:00,1398,16.0,16.0,38.0,2.932,2.180,0.199,0.96,2.5,2.576,0.2275
08:15:01,1179,16.0,16.0,37.0,2.507,2.120,0.171,0.82,2.2,2.590,0.2278
08:15:02,1120,16.0,16.0,35.0,2.392,2.180,0.163,0.79,2.2,2.603,0.2281
08:15:04,1015,17.0,16.0,30.0,2.318,2.150,0.158,0.76,2.5,2.614,0.2284
08:15:05,825,21.0,16.0,24.0,2.340,2.510,0.159,0.77,3.2,2.623,0.2287
08:15:06,665,26.0,16.0,20.0,2.335,2.450,0.159,0.77,3.8,2.631,0.2289
08:15:08,628,30.0,16.0,20.0,2.544,2.420,0.173,0.84,4.2,2.638,0.2293
08:15:09,578,31.0,16.0,18.0,2.421,2.150,0.165,0.80,4.4,2.645,0.2295
08:15:10,852,22.0,16.0,18.0,2.530,5.060,0.172,0.83,4.6,2.651,0.2299
08:15:12,1054,56.0,16.0,20.0,7.910,9.000,0.538,2.60,13.0,2.659,0.2308
08:15:13,1238,55.0,16.0,23.0,9.019,10.340,0.614,2.96,12.9,2.667,0.2319
08:15:14,1431,55.0,16.0,27.0,10.289,8.870,0.700,3.38,12.5,2.677,0.2331
08:15:16,1562,18.0,16.0,28.0,3.660,2.180,0.249,1.20,4.3,2.688,0.2336
08:15:17,1493,15.0,16.0,26.0,2.916,4.240,0.198,0.96,3.7,2.698,0.2340
08:15:18,1493,26.0,16.0,26.0,5.055,5.880,0.344,1.66,6.4,2.707,0.2346
08:15:20,1510,34.0,16.0,28.0,6.680,7.060,0.454,2.20,7.8,2.718,0.2354
08:15:21,1578,34.0,16.0,29.0,6.983,11.860,0.475,2.30,7.9,2.728,0.2362
08:15:22,1682,48.0,16.0,31.0,10.510,11.360,0.715,3.45,11.1,2.740,0.2375
08:15:24,1810,44.0,16.0,33.0,10.367,7.360,0.705,3.41,10.3,2.752,0.2388
08:15:25,1838,15.0,16.0,33.0,3.588,2.310,0.244,1.18,3.6,2.764,0.2392
08:15:26,1266,25.0,16.0,33.0,4.183,5.520,0.285,1.38,4.2,2.776,0.2397
08:15:28,1270,32.0,16.0,34.0,5.373,6.290,0.365,1.77,5.2,2.789,0.2404
08:15:30,1306,17.0,16.0,33.0,2.927,2.180,0.199,0.96,2.9,2.801,0.2407
08:15:32,1124,17.0,16.0,28.0,2.550,2.200,0.173,0.84,3.0,2.812,0.2410
08:15:33,994,18.0,16.0,26.0,2.408,2.150,0.164,0.79,3.0,2.821,0.2413
08:15:34,953,32.0,16.0,25.0,4.116,5.620,0.280,1.35,5.4,2.830,0.2418
08:15:36,994,39.0,16.0,27.0,5.218,5.260,0.355,1.72,6.4,2.840,0.2425
08:15:37,1050,32.0,16.0,28.0,4.504,3.430,0.306,1.48,5.3,2.851,0.2430
08:15:38,1042,26.0,16.0,28.0,3.634,4.380,0.247,1.19,4.3,2.861,0.2435
08:15:40,1056,29.0,16.0,28.0,4.103,3.620,0.279,1.35,4.8,2.873,0.2440
08:15:41,1076,31.0,16.0,29.0,4.466,6.140,0.304,1.47,5.1,2.884,0.2446
08:15:43,1111,37.0,16.0,30.0,5.491,5.670,0.374,1.80,6.0,2.895,0.2453
08:15:44,1146,34.0,16.0,31.0,5.194,5.260,0.353,1.71,5.5,2.907,0.2459
08:15:45,1179,32.0,16.0,31.0,5.015,4.860,0.341,1.65,5.3,2.918,0.2465
08:15:47,1208,31.0,16.0,32.0,4.969,5.980,0.338,1.63,5.1,2.930,0.2471
08:15:48,1230,33.0,16.0,33.0,5.380,5.110,0.366,1.77,5.4,2.942,0.2477
08:15:49,1258,30.0,16.0,33.0,4.990,4.570,0.339,1.64,5.0,2.954,0.2484
08:15:51,1276,25.0,16.0,34.0,4.215,2.120,0.287,1.39,4.1,2.967,0.2489
08:15:52,1260,16.0,16.0,33.0,2.665,2.150,0.181,0.88,2.7,2.979,0.2492
08:15:53,1219,15.0,16.0,31.0,2.424,2.180,0.165,0.80,2.6,2.990,0.2495
08:15:55,1121,16.0,16.0,28.0,2.394,2.150,0.163,0.79,2.8,3.001,0.2498
08:15:56,911,18.0,16.0,22.0,2.215,2.390,0.151,0.73,3.3,3.009,0.2500
08:15:57,666,26.0,16.0,16.0,2.338,2.370,0.159,0.77,4.8,3.015,0.2503
08:15:59,838,23.0,16.0,13.0,2.603,5.160,0.177,0.86,6.6,3.020,0.2506
08:16:00,680,53.0,16.0,13.0,4.865,6.510,0.331,1.60,12.3,3.024,0.2512
08:16:01,827,59.0,16.0,16.0,6.591,7.710,0.448,2.17,13.5,3.030,0.2520
08:16:03,1003,58.0,16.0,19.0,7.824,8.410,0.532,2.57,13.5,3.037,0.2530
08:16:04,1155,40.0,16.0,21.0,6.153,2.200,0.419,2.02,9.6,3.045,0.2537
08:16:05,1164,23.0,16.0,21.0,3.563,6.840,0.242,1.17,5.6,3.053,0.2542
08:16:07,1208,46.0,16.0,22.0,7.374,7.650,0.502,2.42,11.0,3.061,0.2551
08:16:08,1308,41.0,16.0,24.0,7.067,6.900,0.481,2.32,9.7,3.070,0.2559
08:16:09,1382,35.0,16.0,25.0,6.344,6.190,0.432,2.09,8.3,3.079,0.2567
08:16:11,1421,46.0,16.0,26.0,8.552,9.000,0.582,2.81,10.8,3.089,0.2577
08:16:12,1529,40.0,16.0,28.0,7.961,8.340,0.542,2.62,9.3,3.099,0.2587
08:16:13,1576,35.0,16.0,29.0,7.180,7.840,0.488,2.36,8.1,3.110,0.2596
08:16:14,1622,35.0,16.0,29.0,7.388,6.950,0.503,2.43,8.4,3.120,0.2604
08:16:16,1670,33.0,16.0,30.0,7.172,7.710,0.488,2.36,7.9,3.132,0.2613
08:16:17,1697,31.0,16.0,31.0,6.847,6.840,0.466,2.25,7.3,3.143,0.2622
08:16:18,1715,27.0,16.0,30.0,6.025,4.760,0.410,1.98,6.6,3.154,0.2629
08:16:20,1663,21.0,16.0,30.0,4.545,3.980,0.309,1.49,5.0,3.165,0.2634
08:16:21,1600,15.0,16.0,28.0,3.124,2.150,0.213,1.03,3.7,3.175,0.2638
08:16:22,1518,15.0,16.0,26.0,2.964,2.180,0.202,0.97,3.7,3.185,0.2642
08:16:24,1250,15.0,16.0,20.0,2.481,2.230,0.169,0.82,4.1,3.192,0.2645
08:16:25,1030,18.0,16.0,18.0,2.490,6.620,0.169,0.82,4.5,3.199,0.2648
08:16:26,1079,44.0,16.0,20.0,6.353,7.960,0.432,2.09,10.4,3.206,0.2656
08:16:28,1202,52.0,16.0,22.0,8.299,8.930,0.565,2.73,12.4,3.215,0.2666
08:16:29,1363,49.0,16.0,25.0,8.773,7.710,0.597,2.88,11.5,3.224,0.2676
08:16:31,1461,21.0,16.0,26.0,4.003,2.180,0.272,1.32,5.1,3.234,0.2681
08:16:32,1398,15.0,16.0,24.0,2.749,2.200,0.187,0.90,3.8,3.243,0.2685
08:16:33,1121,16.0,16.0,19.0,2.394,2.180,0.163,0.79,4.1,3.250,0.2688
08:16:35,816,22.0,16.0,13.0,2.426,2.180,0.165,0.80,6.1,3.255,0.2691
08:16:36,840,23.0,16.0,12.0,2.608,7.780,0.177,0.86,7.1,3.259,0.2694
08:16:37,1368,51.0,16.0,15.0,9.162,10.570,0.623,3.01,20.1,3.265,0.2705
08:16:39,1831,37.0,16.0,19.0,8.817,2.230,0.600,2.90,15.3,3.272,0.2716
08:16:40,1805,15.0,16.0,17.0,3.523,2.150,0.240,1.16,6.8,3.278,0.2721
08:16:41,1140,16.0,16.0,11.0,2.431,2.390,0.165,0.80,7.3,3.282,0.2724
08:16:43,872,21.0,16.0,7.0,2.473,6.900,0.168,0.81,11.6,3.285,0.2727
08:16:44,777,60.0,16.0,9.0,6.298,9.130,0.428,2.07,23.0,3.288,0.2734
08:16:45,1383,59.0,16.0,16.0,10.701,12.730,0.728,3.52,22.0,3.294,0.2747
08:16:47,1921,53.0,16.0,21.0,13.250,2.100,0.901,4.36,20.7,3.302,0.2763
08:16:48,1674,15.0,16.0,20.0,3.267,6.190,0.222,1.07,5.4,3.309,0.2767
08:16:49,1148,49.0,16.0,21.0,7.497,5.210,0.510,2.46,11.7,3.317,0.2776
08:16:51,1208,27.0,16.0,22.0,4.328,2.120,0.294,1.42,6.5,3.326,0.2782
08:16:52,1171,17.0,16.0,20.0,2.648,2.150,0.180,0.87,4.4,3.333,0.2785
08:16:53,887,19.0,16.0,13.0,2.275,2.390,0.155,0.75,5.8,3.338,0.2788
08:16:55,878,21.0,16.0,8.0,2.490,6.620,0.169,0.82,10.2,3.341,0.2791
08:16:56,810,60.0,16.0,9.0,6.559,9.070,0.446,2.16,24.0,3.344,0.2799
08:16:57,1379,51.0,16.0,15.0,9.227,2.120,0.628,3.03,20.2,3.350,0.2810
08:16:59,1272,18.0,16.0,11.0,3.026,2.370,0.206,0.99,9.0,3.354,0.2814
08:17:00,985,57.0,16.0,11.0,7.561,9.680,0.514,2.49,22.6,3.358,0.2823
08:17:01,1446,28.0,16.0,15.0,5.289,2.200,0.360,1.74,11.6,3.363,0.2829
08:17:03,1146,19.0,16.0,10.0,2.902,2.370,0.197,0.95,9.5,3.367,0.2833
08:17:04,892,50.0,16.0,10.0,6.026,8.930,0.410,1.98,19.8,3.371,0.2840
08:17:05,1386,57.0,17.0,16.0,10.323,11.860,0.702,3.39,21.2,3.377,0.2853
08:17:07,1864,35.0,17.0,19.0,8.462,2.200,0.576,2.78,14.6,3.384,0.2863
08:17:08,1781,15.0,17.0,16.0,3.465,2.150,0.236,1.14,7.1,3.390,0.2868
08:17:09,1331,30.0,17.0,14.0,5.237,10.190,0.356,1.72,12.3,3.395,0.2874
08:17:11,1642,52.0,17.0,18.0,11.070,12.380,0.753,3.64,20.2,3.402,0.2887
08:17:12,2066,49.0,17.0,22.0,13.126,13.750,0.893,4.31,19.6,3.410,0.2904
08:17:13,2350,15.0,17.0,23.0,4.573,2.280,0.311,1.50,6.5,3.419,0.2909
08:17:15,1378,15.0,17.0,22.0,2.703,2.280,0.184,0.89,4.0,3.427,0.2913
08:17:16,861,20.0,17.0,20.0,2.318,2.180,0.158,0.76,3.8,3.434,0.2916
08:17:17,865,21.0,17.0,10.0,2.445,2.180,0.166,0.80,8.0,3.438,0.2919
08:17:19,782,34.0,17.0,8.0,3.579,8.020,0.243,1.18,14.7,3.441,0.2923
08:17:20,1212,56.0,17.0,13.0,8.973,10.800,0.610,2.95,22.7,3.446,0.2934
08:17:21,1720,49.0,17.0,18.0,10.929,2.390,0.743,3.59,20.0,3.452,0.2947
08:17:23,1743,15.0,17.0,17.0,3.391,2.120,0.231,1.11,6.6,3.459,0.2951
08:17:24,1083,17.0,17.0,8.0,2.455,2.150,0.167,0.81,10.1,3.462,0.2954
08:17:26,779,45.0,17.0,7.0,4.719,7.590,0.321,1.55,22.2,3.465,0.2960
08:17:27,1124,58.0,17.0,12.0,8.669,10.870,0.590,2.85,23.7,3.469,0.2971
08:17:28,1624,56.0,17.0,18.0,11.795,13.380,0.802,3.88,21.5,3.476,0.2985
08:17:30,2092,27.0,17.0,21.0,7.325,2.230,0.498,2.41,11.5,3.483,0.2994
08:17:31,1582,15.0,17.0,20.0,3.078,2.340,0.209,1.01,5.1,3.491,0.2998
08:17:32,872,20.0,17.0,18.0,2.347,2.120,0.160,0.77,4.3,3.498,0.3001
08:17:34,845,22.0,17.0,9.0,2.501,2.150,0.170,0.82,9.1,3.501,0.3004
08:17:35,805,44.0,17.0,8.0,4.765,7.360,0.324,1.57,19.6,3.504,0.3009
08:17:36,1171,49.0,17.0,13.0,7.606,2.450,0.517,2.50,19.2,3.509,0.3019
08:17:38,1328,18.0,17.0,12.0,3.137,2.310,0.213,1.03,8.6,3.513,0.3023
08:17:39,992,19.0,17.0,9.0,2.529,2.280,0.172,0.83,9.2,3.517,0.3026
08:17:40,938,20.0,17.0,6.0,2.523,2.310,0.172,0.83,13.8,3.519,0.3029
08:17:42,971,54.0,17.0,6.0,7.040,7.530,0.479,2.31,38.6,3.521,0.3037
08:17:43,1068,61.0,17.0,13.0,8.691,10.950,0.591,2.86,22.0,3.526,0.3048
08:17:44,1651,58.0,17.0,18.0,12.421,13.380,0.845,4.08,22.7,3.533,0.3063
08:17:46,2139,51.0,17.0,23.0,14.146,2.570,0.962,4.65,20.2,3.541,0.3081
08:17:47,1900,15.0,17.0,22.0,3.695,2.450,0.251,1.21,5.5,3.550,0.3086
08:17:48,1110,18.0,17.0,21.0,2.658,2.340,0.181,0.87,4.2,3.557,0.3089
08:17:50,945,21.0,17.0,19.0,2.670,2.340,0.182,0.88,4.6,3.564,0.3092
08:17:51,942,21.0,17.0,15.0,2.660,2.340,0.181,0.87,5.8,3.570,0.3095
08:17:52,936,20.0,17.0,9.0,2.521,2.280,0.171,0.83,9.2,3.573,0.3098
08:17:54,940,21.0,17.0,5.0,2.658,5.670,0.181,0.87,17.5,3.575,0.3101
08:17:55,866,56.0,17.0,8.0,6.528,9.070,0.444,2.15,26.8,3.578,0.3109
08:17:56,1308,60.0,17.0,15.0,10.306,13.000,0.701,3.39,22.6,3.583,0.3122
08:17:58,1912,58.0,17.0,21.0,14.382,4.290,0.978,4.73,22.5,3.591,0.3139
08:17:59,2118,15.0,17.0,22.0,4.121,2.480,0.280,1.35,6.2,3.599,0.3144
08:18:00,1293,16.0,17.0,22.0,2.720,7.590,0.185,0.89,4.1,3.607,0.3147
08:18:02,1300,58.0,17.0,25.0,9.909,10.800,0.674,3.26,13.0,3.617,0.3160
08:18:03,1504,56.0,17.0,28.0,10.923,12.110,0.743,3.59,12.8,3.627,0.3173
08:18:04,1690,55.0,17.0,31.0,12.058,11.600,0.820,3.96,12.8,3.639,0.3188
08:18:06,1838,45.0,17.0,33.0,10.727,8.730,0.730,3.53,10.7,3.651,0.3201
08:18:07,1906,27.0,17.0,34.0,6.675,3.390,0.454,2.19,6.5,3.664,0.3209
08:18:08,1856,15.0,17.0,33.0,3.610,2.310,0.246,1.19,3.6,3.676,0.3214
08:18:10,1728,15.0,17.0,30.0,3.363,2.280,0.229,1.11,3.7,3.687,0.3218
08:18:11,1391,15.0,17.0,21.0,2.725,2.510,0.185,0.90,4.3,3.695,0.3221
08:18:12,926,19.0,17.0,10.0,2.367,2.370,0.161,0.78,7.8,3.699,0.3224
08:18:14,944,34.0,17.0,9.0,4.319,9.130,0.294,1.42,15.8,3.702,0.3229
08:18:15,1236,60.0,17.0,14.0,9.790,12.470,0.666,3.22,23.0,3.707,0.3241
08:18:16,1818,52.0,17.0,19.0,12.257,4.330,0.834,4.03,21.2,3.714,0.3256
08:18:18,1919,15.0,17.0,18.0,3.733,2.260,0.254,1.23,6.8,3.721,0.3260
08:18:19,1537,15.0,17.0,13.0,2.990,2.600,0.203,0.98,7.6,3.725,0.3264
08:18:20,984,31.0,17.0,10.0,4.095,5.060,0.279,1.35,13.5,3.729,0.3269
08:18:22,1095,25.0,17.0,11.0,3.646,2.340,0.248,1.20,10.9,3.733,0.3273
08:18:23,918,21.0,17.0,9.0,2.594,2.570,0.176,0.85,9.5,3.736,0.3276
08:18:25,724,28.0,17.0,6.0,2.727,2.310,0.186,0.90,14.9,3.740,0.3281
08:18:26,946,21.0,17.0,4.0,2.673,2.260,0.182,0.88,22.0,3.741,0.3284
08:18:27,938,20.0,17.0,2.0,2.526,4.380,0.172,0.83,0.0,3.742,0.3287
08:18:29,1260,38.0,17.0,1.0,6.309,5.370,0.429,2.07,0.0,3.742,0.3295
08:18:30,971,25.0,17.0,5.0,3.259,2.230,0.222,1.07,21.4,3.744,0.3299
08:18:31,1068,25.0,17.0,4.0,3.564,5.010,0.242,1.17,29.3,3.745,0.3303
08:18:33,1123,25.0,17.0,4.0,3.733,2.310,0.254,1.23,30.7,3.747,0.3308
08:18:34,1085,19.0,17.0,0.0,2.748,2.260,0.187,0.90,0.0,3.747,0.3311
08:18:35,951,20.0,17.0,0.0,2.558,8.730,0.174,0.84,0.0,3.747,0.3314
08:18:37,1806,32.0,17.0,0.0,7.494,2.710,0.510,2.46,0.0,3.747,0.3323
08:18:38,1345,17.0,17.0,2.0,2.996,8.730,0.204,0.98,0.0,3.748,0.3327
08:18:39,1537,20.0,17.0,2.0,3.987,2.450,0.271,1.31,0.0,3.748,0.3332
08:18:41,1391,17.0,17.0,0.0,3.089,2.280,0.210,1.02,0.0,3.748,0.3335
08:18:42,1022,18.0,17.0,0.0,2.461,2.260,0.167,0.81,0.0,3.748,0.3338
08:18:43,917,20.0,17.0,0.0,2.468,2.260,0.168,0.81,0.0,3.748,0.3341
08:18:45,877,20.0,17.0,0.0,2.360,2.260,0.161,0.78,0.0,3.748,0.3344
08:18:46,849,21.0,17.0,0.0,2.399,2.200,0.163,0.79,0.0,3.748,0.3347
08:18:47,836,32.0,17.0,0.0,3.600,7.530,0.245,1.18,0.0,3.748,0.3352
08:18:49,1366,39.0,17.0,6.0,6.973,4.030,0.474,2.29,38.2,3.751,0.3360
08:18:50,1289,20.0,17.0,5.0,3.391,6.900,0.231,1.11,22.3,3.752,0.3364
08:18:51,1037,33.0,17.0,6.0,4.576,6.350,0.311,1.50,25.1,3.755,0.3370
08:18:53,1253,35.0,17.0,7.0,5.782,6.840,0.393,1.90,27.2,3.757,0.3377
08:18:54,1541,31.0,17.0,9.0,6.196,2.200,0.421,2.04,22.6,3.761,0.3385
08:18:55,1425,19.0,17.0,8.0,3.529,4.240,0.240,1.16,14.5,3.764,0.3389
08:18:57,1404,20.0,17.0,8.0,3.666,2.260,0.249,1.21,15.1,3.767,0.3393
08:18:58,1108,17.0,17.0,6.0,2.508,2.230,0.171,0.82,13.7,3.769,0.3397
08:18:59,948,24.0,18.0,5.0,3.050,2.710,0.208,1.00,20.1,3.771,0.3400
08:19:01,652,31.0,18.0,7.0,2.712,2.420,0.184,0.89,12.7,3.773,0.3403
08:19:02,892,23.0,18.0,10.0,2.750,2.230,0.187,0.90,9.0,3.777,0.3407
08:19:03,1031,19.0,18.0,10.0,2.612,2.280,0.178,0.86,8.6,3.781,0.3410
08:19:05,866,22.0,18.0,8.0,2.556,2.200,0.174,0.84,10.5,3.784,0.3413
08:19:06,918,21.0,18.0,3.0,2.585,2.230,0.176,0.85,28.3,3.785,0.3416
08:19:07,921,20.0,18.0,0.0,2.470,2.230,0.168,0.81,0.0,3.785,0.3419
08:19:09,880,20.0,18.0,0.0,2.360,2.150,0.161,0.78,0.0,3.785,0.3422
08:19:10,856,20.0,18.0,0.0,2.295,2.120,0.156,0.75,0.0,3.785,0.3425
08:19:11,835,20.0,18.0,0.0,2.240,2.120,0.152,0.74,0.0,3.785,0.3428
08:19:13,824,20.0,18.0,0.0,2.211,2.180,0.150,0.73,0.0,3.785,0.3430
08:19:14,880,20.0,18.0,1.0,2.360,2.260,0.161,0.78,0.0,3.785,0.3433
08:19:15,898,21.0,18.0,4.0,2.528,2.230,0.172,0.83,20.8,3.787,0.3436
08:19:17,930,21.0,18.0,0.0,2.618,2.200,0.178,0.86,0.0,3.787,0.3439
08:19:18,914,20.0,18.0,0.0,2.452,2.180,0.167,0.81,0.0,3.787,0.3442
08:19:19,858,20.0,18.0,0.0,2.303,2.180,0.157,0.76,0.0,3.787,0.3445
08:19:21,835,21.0,18.0,0.0,2.352,2.120,0.160,0.77,0.0,3.787,0.3448
08:19:22,818,21.0,18.0,0.0,2.304,2.150,0.157,0.76,0.0,3.787,0.3451
08:19:23,824,21.0,18.0,0.0,2.321,2.180,0.158,0.76,0.0,3.787,0.3454
08:19:25,827,21.0,18.0,0.0,2.330,2.200,0.158,0.77,0.0,3.787,0.3457
08:19:26,830,21.0,18.0,0.0,2.338,2.200,0.159,0.77,0.0,3.787,0.3459
08:19:27,836,21.0,18.0,0.0,2.354,2.200,0.160,0.77,0.0,3.787,0.3462
08:19:29,840,21.0,18.0,0.0,2.365,2.200,0.161,0.78,0.0,3.787,0.3465
08:19:30,829,21.0,18.0,0.0,2.335,2.200,0.159,0.77,0.0,3.787,0.3468
08:19:31,832,21.0,18.0,0.0,2.343,2.200,0.159,0.77,0.0,3.787,0.3471
08:19:33,838,21.0,18.0,0.0,2.360,2.230,0.161,0.78,0.0,3.787,0.3474
08:19:34,839,21.0,18.0,0.0,2.362,2.230,0.161,0.78,0.0,3.787,0.3476
08:19:35,832,21.0,18.0,0.0,2.343,2.260,0.159,0.77,0.0,3.787,0.3479
08:19:37,848,21.0,18.0,0.0,2.388,2.260,0.162,0.78,0.0,3.787,0.3482
08:19:38,860,22.0,18.0,0.0,2.536,3.780,0.173,0.83,0.0,3.787,0.3485
08:19:39,1239,29.0,18.0,0.0,4.726,5.670,0.322,1.55,0.0,3.787,0.3491
08:19:41,1007,38.0,17.0,4.0,5.126,8.340,0.349,1.69,42.1,3.788,0.3497
08:19:42,1560,41.0,17.0,10.0,8.298,2.280,0.564,2.73,27.3,3.792,0.3507
08:19:43,1569,15.0,17.0,9.0,3.053,5.320,0.208,1.00,11.2,3.795,0.3511
08:19:45,913,25.0,17.0,10.0,3.072,2.280,0.209,1.01,10.1,3.799,0.3515
08:19:46,989,21.0,17.0,9.0,2.787,2.230,0.190,0.92,10.2,3.802,0.3518
08:19:47,901,27.0,17.0,9.0,3.275,7.120,0.223,1.08,12.0,3.806,0.3522
08:19:49,1010,60.0,17.0,11.0,8.116,9.550,0.552,2.67,24.3,3.810,0.3532
08:19:50,1442,56.0,17.0,16.0,10.510,12.290,0.715,3.46,21.6,3.816,0.3545
08:19:51,1907,53.0,17.0,21.0,13.110,6.840,0.892,4.31,20.5,3.823,0.3561
08:19:53,2085,15.0,17.0,21.0,4.056,3.500,0.276,1.33,6.3,3.831,0.3566
08:19:54,1158,56.0,17.0,22.0,8.605,9.000,0.585,2.83,12.9,3.839,0.3576
08:19:55,1312,51.0,17.0,24.0,8.791,9.410,0.598,2.89,12.0,3.848,0.3587
08:19:57,1427,48.0,17.0,26.0,8.926,9.760,0.607,2.93,11.3,3.858,0.3598
08:19:58,1526,51.0,17.0,28.0,10.090,10.800,0.686,3.32,11.8,3.868,0.3610
08:19:59,1636,43.0,17.0,29.0,9.122,8.870,0.621,3.00,10.3,3.879,0.3621
08:20:01,1688,40.0,17.0,31.0,8.759,9.830,0.596,2.88,9.3,3.890,0.3632
08:20:02,1765,38.0,17.0,32.0,8.697,2.310,0.592,2.86,8.9,3.902,0.3642
08:20:03,1480,27.0,17.0,31.0,5.188,7.530,0.353,1.71,5.5,3.913,0.3648
08:20:05,1186,51.0,18.0,32.0,7.986,8.470,0.543,2.63,8.2,3.925,0.3658
08:20:06,1226,51.0,18.0,33.0,8.227,8.600,0.560,2.70,8.2,3.938,0.3668
08:20:07,1274,51.0,18.0,34.0,8.528,8.670,0.580,2.80,8.2,3.950,0.3679
08:20:09,1312,50.0,18.0,35.0,8.589,7.900,0.584,2.82,8.1,3.963,0.3689
08:20:10,1336,44.0,18.0,36.0,7.681,7.120,0.523,2.53,7.0,3.976,0.3698
08:20:11,1354,27.0,18.0,35.0,4.770,2.280,0.324,1.57,4.5,3.989,0.3704
08:20:13,1310,16.0,18.0,34.0,2.743,2.260,0.187,0.90,2.7,4.002,0.3707
08:20:14,1238,16.0,18.0,30.0,2.606,2.230,0.177,0.86,2.9,4.013,0.3711
08:20:15,992,18.0,18.0,22.0,2.387,2.340,0.162,0.78,3.6,4.021,0.3713
08:20:17,926,21.0,18.0,16.0,2.607,2.770,0.177,0.86,5.4,4.027,0.3717
08:20:18,880,60.0,18.0,17.0,7.081,8.090,0.482,2.33,13.7,4.033,0.3725
08:20:19,1009,60.0,18.0,19.0,8.081,8.930,0.550,2.66,14.0,4.040,0.3735
08:20:21,1182,60.0,18.0,22.0,9.360,10.120,0.637,3.08,14.0,4.048,0.3746
08:20:22,1354,59.0,18.0,25.0,10.430,11.190,0.710,3.43,13.7,4.057,0.3759
08:20:23,1526,59.0,18.0,28.0,11.633,12.290,0.791,3.82,13.7,4.068,0.3773
08:20:25,1682,57.0,18.0,31.0,12.395,10.490,0.843,4.07,13.1,4.080,0.3789
08:20:26,1804,40.0,18.0,32.0,9.325,9.130,0.634,3.07,9.6,4.092,0.3801
08:20:27,1848,37.0,18.0,33.0,8.836,9.270,0.601,2.90,8.8,4.104,0.3811
08:20:29,1885,36.0,18.0,34.0,8.770,9.000,0.597,2.88,8.5,4.117,0.3822
08:20:30,1925,44.0,18.0,35.0,10.946,11.280,0.745,3.60,10.3,4.130,0.3835
08:20:31,2014,40.0,17.0,36.0,10.447,11.360,0.711,3.43,9.5,4.143,0.3848
08:20:33,2051,36.0,17.0,37.0,9.575,8.930,0.651,3.15,8.5,4.157,0.3860
08:20:34,2082,30.0,17.0,37.0,8.101,13.380,0.551,2.66,7.2,4.171,0.3870
08:20:35,2125,47.0,17.0,38.0,12.953,10.260,0.881,4.26,11.2,4.185,0.3885
08:20:37,2172,32.0,17.0,39.0,9.014,7.840,0.613,2.96,7.6,4.199,0.3896
08:20:38,2174,25.0,17.0,38.0,7.048,7.960,0.479,2.32,6.1,4.213,0.3905
08:20:39,2142,24.0,17.0,38.0,6.666,6.620,0.453,2.19,5.8,4.227,0.3913
08:20:41,2110,19.0,17.0,37.0,5.198,2.710,0.354,1.71,4.6,4.240,0.3919
08:20:42,2008,15.0,17.0,35.0,3.906,2.150,0.266,1.28,3.7,4.253,0.3924
08:20:43,1747,15.0,17.0,29.0,3.399,2.150,0.231,1.12,3.9,4.264,0.3928
08:20:45,1263,15.0,17.0,19.0,2.496,2.540,0.170,0.82,4.3,4.271,0.3931
08:20:46,776,25.0,17.0,13.0,2.612,2.280,0.178,0.86,6.6,4.276,0.3934
08:20:47,889,22.0,17.0,9.0,2.631,2.280,0.179,0.86,9.6,4.279,0.3937
08:20:49,906,26.0,18.0,9.0,3.160,7.840,0.215,1.04,11.5,4.282,0.3941
08:20:50,1144,58.0,18.0,12.0,8.777,11.030,0.597,2.89,24.0,4.287,0.3952
08:20:51,1576,56.0,17.0,17.0,11.448,13.100,0.779,3.76,22.1,4.293,0.3966
08:20:53,2096,51.0,17.0,23.0,13.862,3.500,0.943,4.56,19.8,4.302,0.3983
08:20:54,1932,15.0,17.0,23.0,3.758,2.390,0.256,1.24,5.4,4.310,0.3987
08:20:55,1228,16.0,17.0,21.0,2.596,2.260,0.177,0.85,4.1,4.318,0.3991
08:20:57,1104,17.0,17.0,18.0,2.498,2.260,0.170,0.82,4.6,4.325,0.3994
08:20:58,942,20.0,18.0,15.0,2.525,7.530,0.172,0.83,5.5,4.330,0.3997
08:20:59,936,59.0,18.0,18.0,7.402,8.410,0.504,2.43,13.5,4.337,0.4006
08:21:01,1092,54.0,18.0,21.0,7.829,8.670,0.533,2.57,12.3,4.345,0.4015
08:21:02,1255,31.0,18.0,23.0,5.111,2.150,0.348,1.68,7.3,4.353,0.4022
08:21:03,1244,17.0,18.0,21.0,2.781,4.070,0.189,0.91,4.4,4.361,0.4025
08:21:05,1205,25.0,18.0,21.0,3.971,6.090,0.270,1.31,6.2,4.369,0.4030
08:21:06,1224,32.0,18.0,22.0,5.155,5.520,0.351,1.69,7.7,4.377,0.4036
08:21:07,1276,35.0,18.0,23.0,5.860,6.780,0.399,1.93,8.4,4.385,0.4043
08:21:09,1330,38.0,17.0,24.0,6.630,3.940,0.451,2.18,9.1,4.394,0.4051
08:21:10,1352,22.0,17.0,24.0,3.897,4.200,0.265,1.28,5.3,4.403,0.4056
08:21:11,1343,24.0,17.0,24.0,4.224,4.070,0.287,1.39,5.8,4.412,0.4061
08:21:13,1366,22.0,17.0,24.0,3.933,3.860,0.268,1.29,5.4,4.421,0.4066
08:21:14,1318,24.0,17.0,23.0,4.153,3.390,0.283,1.37,5.9,4.430,0.4071
08:21:15,1283,17.0,17.0,23.0,2.870,2.200,0.195,0.94,4.1,4.438,0.4075
08:21:17,1219,15.0,17.0,21.0,2.416,2.200,0.164,0.79,3.8,4.446,0.4077
08:21:18,1132,21.0,18.0,21.0,3.148,6.350,0.214,1.03,4.9,4.454,0.4081
08:21:19,1160,39.0,18.0,21.0,5.982,7.530,0.407,1.97,9.4,4.461,0.4088
08:21:21,1200,49.0,18.0,22.0,7.754,7.960,0.528,2.55,11.6,4.469,0.4098
08:21:22,1294,47.0,18.0,23.0,7.969,8.410,0.542,2.62,11.4,4.478,0.4107
08:21:23,1386,43.0,18.0,25.0,7.761,7.780,0.528,2.55,10.2,4.487,0.4117
08:21:25,1482,37.0,18.0,27.0,7.094,7.410,0.483,2.33,8.6,4.497,0.4126
08:21:26,1546,35.0,18.0,28.0,6.994,4.150,0.476,2.30,8.2,4.508,0.4134
08:21:27,1562,17.0,18.0,28.0,3.431,2.370,0.233,1.13,4.0,4.518,0.4138
08:21:29,1492,16.0,18.0,26.0,3.088,2.280,0.210,1.01,3.9,4.528,0.4142
08:21:30,1391,15.0,18.0,25.0,2.716,2.180,0.185,0.89,3.6,4.537,0.4146
08:21:31,1321,15.0,18.0,23.0,2.592,3.540,0.176,0.85,3.7,4.546,0.4149
08:21:33,1260,19.0,18.0,22.0,3.144,2.120,0.214,1.03,4.7,4.554,0.4153
08:21:34,1205,16.0,18.0,21.0,2.541,2.230,0.173,0.84,4.0,4.562,0.4156
08:21:35,1093,16.0,18.0,18.0,2.322,2.200,0.158,0.76,4.2,4.568,0.4158
08:21:37,846,21.0,18.0,14.0,2.382,2.450,0.162,0.78,5.6,4.573,0.4161
08:21:38,914,22.0,18.0,10.0,2.697,2.230,0.183,0.89,8.9,4.577,0.4165
08:21:39,894,21.0,18.0,7.0,2.519,7.180,0.171,0.83,11.8,4.580,0.4168
08:21:41,847,54.0,18.0,10.0,6.132,5.880,0.417,2.02,20.2,4.583,0.4175
08:21:42,1318,35.0,18.0,14.0,6.033,6.190,0.410,1.98,14.2,4.589,0.4182
08:21:45,1728,42.0,18.0,19.0,9.377,9.480,0.638,3.08,16.2,4.596,0.4194
08:21:46,1974,31.0,18.0,20.0,7.911,2.150,0.538,2.60,13.0,4.603,0.4203
08:21:47,1537,15.0,18.0,19.0,2.980,7.240,0.203,0.98,5.2,4.610,0.4207
08:21:49,1080,47.0,18.0,20.0,6.746,6.350,0.459,2.22,11.1,4.617,0.4215
08:21:50,1155,25.0,18.0,21.0,3.819,2.280,0.260,1.26,6.0,4.625,0.4220
08:21:51,1094,18.0,18.0,19.0,2.614,2.260,0.178,0.86,4.5,4.632,0.4223
08:21:53,892,21.0,18.0,11.0,2.514,2.230,0.171,0.83,7.5,4.636,0.4226
08:21:54,914,21.0,18.0,7.0,2.574,6.840,0.175,0.85,12.1,4.639,0.4229
08:21:55,961,49.0,18.0,10.0,6.307,8.870,0.429,2.07,20.7,4.642,0.4237
08:21:57,1308,44.0,18.0,14.0,7.532,7.530,0.512,2.48,17.7,4.648,0.4246
08:21:58,1482,39.0,18.0,15.0,7.482,8.410,0.509,2.46,16.4,4.653,0.4255
08:21:59,1633,39.0,18.0,17.0,8.230,10.870,0.560,2.71,15.9,4.659,0.4265
08:22:01,1864,44.0,18.0,20.0,10.602,5.420,0.721,3.49,17.4,4.667,0.4278
08:22:02,1874,15.0,18.0,19.0,3.633,2.370,0.247,1.19,6.3,4.674,0.4282
08:22:03,1045,29.0,18.0,19.0,4.037,6.900,0.275,1.33,7.0,4.681,0.4287
08:22:05,1100,45.0,18.0,20.0,6.567,6.900,0.447,2.16,10.8,4.688,0.4295
08:22:06,1192,36.0,18.0,21.0,5.663,2.200,0.385,1.86,8.9,4.696,0.4302
08:22:07,1162,18.0,18.0,20.0,2.765,2.230,0.188,0.91,4.5,4.704,0.4306
08:22:09,1097,17.0,18.0,19.0,2.475,2.230,0.168,0.81,4.3,4.711,0.4309
08:22:10,1020,17.0,18.0,17.0,2.312,2.230,0.157,0.76,4.5,4.717,0.4312
08:22:11,888,20.0,18.0,14.0,2.381,2.230,0.162,0.78,5.6,4.723,0.4315
08:22:13,900,22.0,18.0,13.0,2.657,4.910,0.181,0.87,6.7,4.728,0.4318
08:22:14,1373,48.0,18.0,14.0,8.591,10.800,0.584,2.82,20.2,4.733,0.4328
08:22:15,1697,53.0,18.0,19.0,11.626,13.100,0.791,3.82,20.1,4.740,0.4343
08:22:17,2122,50.0,18.0,23.0,13.713,14.970,0.933,4.51,19.6,4.748,0.4359
08:22:18,2514,20.0,18.0,25.0,6.490,2.510,0.441,2.13,8.5,4.757,0.4367
08:22:19,1630,16.0,18.0,24.0,3.371,11.030,0.229,1.11,4.6,4.766,0.4371
08:22:21,1402,55.0,18.0,26.0,10.033,10.640,0.683,3.30,12.7,4.776,0.4383
08:22:22,1528,53.0,18.0,28.0,10.469,9.200,0.712,3.44,12.3,4.786,0.4396
08:22:23,1614,36.0,18.0,29.0,7.511,8.540,0.511,2.47,8.5,4.797,0.4405
08:22:25,1636,39.0,18.0,29.0,8.245,8.410,0.561,2.71,9.3,4.808,0.4415
08:22:26,1668,39.0,18.0,30.0,8.408,7.900,0.572,2.76,9.2,4.819,0.4425
08:22:27,1699,36.0,18.0,30.0,7.906,7.710,0.538,2.60,8.7,4.830,0.4435
08:22:29,1700,35.0,18.0,30.0,7.691,8.020,0.523,2.53,8.4,4.841,0.4445
08:22:30,1739,48.0,18.0,31.0,10.790,9.550,0.734,3.55,11.4,4.853,0.4458
08:22:31,1772,40.0,18.0,32.0,9.164,8.730,0.623,3.01,9.4,4.864,0.4469
08:22:33,1808,36.0,18.0,32.0,8.415,7.840,0.572,2.77,8.6,4.876,0.4479
08:22:34,1800,30.0,18.0,32.0,6.978,4.240,0.475,2.29,7.2,4.888,0.4487
08:22:35,1752,17.0,18.0,30.0,3.849,2.200,0.262,1.27,4.2,4.899,0.4492
08:22:37,1618,15.0,18.0,28.0,3.137,6.900,0.213,1.03,3.7,4.910,0.4496
08:22:38,1560,31.0,18.0,28.0,6.248,7.960,0.425,2.05,7.3,4.920,0.4504
08:22:39,1577,43.0,18.0,28.0,8.766,9.130,0.596,2.88,10.3,4.931,0.4514
08:22:41,1637,50.0,18.0,30.0,10.577,11.280,0.720,3.48,11.6,4.942,0.4527
08:22:42,1703,53.0,18.0,31.0,11.667,11.690,0.794,3.84,12.4,4.954,0.4542
08:22:43,1798,51.0,18.0,33.0,11.850,12.470,0.806,3.90,11.8,4.966,0.4557
08:22:45,1886,49.0,18.0,34.0,11.943,11.190,0.812,3.93,11.5,4.979,0.4571
08:22:46,1948,46.0,18.0,35.0,11.583,11.280,0.788,3.81,10.9,4.992,0.4585
08:22:47,1989,42.0,18.0,36.0,10.798,11.280,0.735,3.55,9.9,5.005,0.4599
08:22:49,2026,40.0,18.0,36.0,10.475,10.120,0.713,3.44,9.6,5.019,0.4612
08:22:50,2032,41.0,18.0,37.0,10.769,10.570,0.733,3.54,9.6,5.032,0.4625
08:22:51,2073,36.0,17.0,37.0,9.680,7.650,0.658,3.18,8.6,5.046,0.4637
08:22:53,1992,15.0,17.0,35.0,3.876,9.070,0.264,1.27,3.6,5.060,0.4642
08:22:54,1970,39.0,17.0,35.0,9.963,9.340,0.678,3.28,9.4,5.072,0.4654
08:22:56,1988,34.0,17.0,35.0,8.767,8.870,0.596,2.88,8.2,5.085,0.4664
08:22:57,1969,34.0,17.0,35.0,8.681,8.800,0.591,2.85,8.2,5.098,0.4675
08:22:58,1968,33.0,17.0,35.0,8.422,8.870,0.573,2.77,7.9,5.111,0.4685
08:22:59,1950,34.0,17.0,35.0,8.600,8.670,0.585,2.83,8.1,5.124,0.4695
08:23:01,1942,35.0,17.0,35.0,8.817,8.670,0.600,2.90,8.3,5.137,0.4706
08:23:02,1936,34.0,17.0,34.0,8.535,8.800,0.581,2.81,8.3,5.150,0.4716
08:23:04,1932,33.0,17.0,34.0,8.271,8.410,0.563,2.72,8.0,5.162,0.4727
08:23:05,1918,34.0,17.0,34.0,8.457,9.000,0.575,2.78,8.2,5.175,0.4737
08:23:06,1907,36.0,18.0,34.0,8.874,10.120,0.604,2.92,8.6,5.188,0.4748
08:23:07,1918,41.0,18.0,35.0,10.164,7.960,0.691,3.34,9.5,5.200,0.4760
08:23:09,1920,31.0,18.0,34.0,7.693,8.280,0.523,2.53,7.4,5.213,0.4769
08:23:10,1908,32.0,18.0,34.0,7.892,8.280,0.537,2.59,7.6,5.226,0.4779
08:23:11,1882,33.0,18.0,34.0,8.026,7.470,0.546,2.64,7.8,5.238,0.4789
08:23:13,1869,30.0,18.0,33.0,7.248,2.740,0.493,2.38,7.2,5.250,0.4798
08:23:14,1789,15.0,18.0,31.0,3.468,2.200,0.236,1.14,3.7,5.262,0.4802
08:23:15,1572,15.0,18.0,25.0,3.048,2.230,0.207,1.00,4.0,5.271,0.4806
08:23:17,978,19.0,18.0,15.0,2.485,2.280,0.169,0.82,5.4,5.277,0.4809
08:23:18,909,22.0,18.0,8.0,2.683,7.650,0.182,0.88,11.0,5.280,0.4812
08:23:19,1134,56.0,18.0,12.0,8.408,7.900,0.572,2.76,23.0,5.284,0.4822
08:23:21,1444,36.0,18.0,15.0,6.745,2.420,0.459,2.22,14.8,5.289,0.4830
08:23:22,1465,31.0,18.0,15.0,5.883,5.670,0.400,1.93,12.9,5.295,0.4837
08:23:23,1516,21.0,18.0,15.0,4.114,3.350,0.280,1.35,9.0,5.301,0.4842
08:23:25,1466,18.0,18.0,15.0,3.418,5.620,0.233,1.12,7.5,5.306,0.4846
08:23:26,1424,28.0,18.0,14.0,5.179,7.410,0.352,1.70,12.2,5.311,0.4853
08:23:27,1642,49.0,18.0,17.0,10.402,10.800,0.708,3.42,20.1,5.317,0.4865
08:23:29,2007,43.0,18.0,21.0,11.153,6.510,0.759,3.67,17.5,5.325,0.4879
08:23:30,2079,15.0,18.0,22.0,4.031,2.370,0.274,1.32,6.0,5.333,0.4883
08:23:31,1237,21.0,18.0,21.0,3.417,6.840,0.232,1.12,5.3,5.341,0.4888
08:23:33,1253,39.0,18.0,23.0,6.421,6.730,0.437,2.11,9.2,5.350,0.4896
08:23:34,1354,37.0,18.0,25.0,6.541,6.900,0.445,2.15,8.6,5.359,0.4903
08:23:35,1429,36.0,18.0,26.0,6.680,6.780,0.454,2.20,8.4,5.368,0.4912
08:23:37,1502,35.0,18.0,27.0,6.794,6.900,0.462,2.23,8.3,5.378,0.4920
08:23:38,1552,32.0,18.0,28.0,6.418,6.190,0.437,2.11,7.5,5.389,0.4928
08:23:39,1606,29.0,18.0,29.0,6.018,5.210,0.409,1.98,6.8,5.399,0.4935
08:23:41,1617,27.0,18.0,29.0,5.644,5.520,0.384,1.86,6.4,5.410,0.4942
08:23:42,1632,27.0,18.0,29.0,5.694,5.720,0.387,1.87,6.5,5.421,0.4949
08:23:43,1650,27.0,18.0,30.0,5.756,5.370,0.392,1.89,6.3,5.432,0.4956
08:23:45,1663,24.0,18.0,30.0,5.158,4.470,0.351,1.70,5.7,5.443,0.4962
08:23:46,1644,20.0,18.0,29.0,4.248,3.580,0.289,1.40,4.8,5.454,0.4967
08:23:47,1615,19.0,18.0,29.0,3.967,3.700,0.270,1.30,4.5,5.464,0.4972
08:23:49,1586,22.0,18.0,28.0,4.510,4.620,0.307,1.48,5.3,5.475,0.4977
08:23:50,1581,24.0,18.0,28.0,4.904,4.570,0.334,1.61,5.8,5.485,0.4983
08:23:51,1569,24.0,18.0,28.0,4.868,4.960,0.331,1.60,5.7,5.495,0.4989
08:23:53,1579,25.0,17.0,28.0,5.120,4.520,0.348,1.68,6.0,5.506,0.4995
08:23:54,1578,22.0,17.0,28.0,4.503,4.110,0.306,1.48,5.3,5.516,0.5001
08:23:55,1554,19.0,17.0,28.0,3.829,3.980,0.260,1.26,4.5,5.526,0.5006
08:23:57,1541,21.0,17.0,27.0,4.197,4.470,0.286,1.38,5.1,5.536,0.5011
08:23:58,1524,21.0,17.0,27.0,4.152,3.540,0.282,1.36,5.1,5.546,0.5016
08:23:59,1524,17.0,18.0,27.0,3.350,2.770,0.228,1.10,4.1,5.556,0.5020
08:24:01,1452,15.0,18.0,25.0,2.825,2.150,0.192,0.93,3.7,5.566,0.5023
08:24:02,1354,15.0,18.0,24.0,2.652,2.150,0.180,0.87,3.6,5.575,0.5026
08:24:03,1255,15.0,18.0,22.0,2.473,2.180,0.168,0.81,3.7,5.583,0.5029
08:24:05,1163,16.0,18.0,20.0,2.460,2.200,0.167,0.81,4.0,5.590,0.5032
08:24:06,1018,17.0,18.0,16.0,2.308,2.480,0.157,0.76,4.7,5.596,0.5035
08:24:07,914,21.0,18.0,8.0,2.574,2.200,0.175,0.85,10.6,5.599,0.5038
08:24:09,944,30.0,18.0,9.0,3.798,3.820,0.258,1.25,13.9,5.602,0.5043
08:24:10,1004,22.0,18.0,10.0,2.950,2.370,0.201,0.97,9.7,5.606,0.5047
08:24:11,988,20.0,18.0,10.0,2.642,2.770,0.180,0.87,8.7,5.610,0.5050
08:24:13,818,24.0,18.0,8.0,2.634,6.840,0.179,0.87,10.8,5.613,0.5053
08:24:14,845,58.0,18.0,9.0,6.571,8.280,0.447,2.16,24.0,5.616,0.5061
08:24:15,1228,55.0,18.0,14.0,8.892,8.150,0.605,2.92,20.9,5.621,0.5072
08:24:17,1540,35.0,18.0,16.0,6.966,2.150,0.474,2.29,14.3,5.627,0.5080
08:24:18,1471,27.0,18.0,14.0,5.143,5.830,0.350,1.69,12.1,5.632,0.5086
08:24:19,1446,31.0,17.0,15.0,5.836,6.240,0.397,1.92,12.8,5.638,0.5094
08:24:21,1542,29.0,17.0,16.0,5.800,5.420,0.395,1.91,11.9,5.644,0.5101
08:24:22,1560,26.0,17.0,16.0,5.259,5.160,0.358,1.73,10.8,5.650,0.5107
08:24:23,1560,26.0,17.0,16.0,5.262,4.720,0.358,1.73,10.8,5.656,0.5113
08:24:25,1558,20.0,17.0,15.0,4.043,2.600,0.275,1.33,8.9,5.661,0.5118
08:24:26,1402,15.0,17.0,13.0,2.746,2.180,0.187,0.90,6.9,5.666,0.5122
08:24:27,1186,15.0,18.0,12.0,2.349,2.280,0.160,0.77,6.4,5.670,0.5125
08:24:29,887,20.0,18.0,8.0,2.378,2.230,0.162,0.78,9.8,5.673,0.5127
08:24:30,889,20.0,18.0,6.0,2.384,2.200,0.162,0.78,13.1,5.676,0.5130
08:24:31,887,20.0,18.0,6.0,2.378,2.450,0.162,0.78,13.0,5.678,0.5133
08:24:33,990,31.0,18.0,4.0,4.104,2.120,0.279,1.35,33.7,5.679,0.5138
08:24:34,1093,17.0,18.0,4.0,2.467,2.150,0.168,0.81,20.3,5.681,0.5141
08:24:35,905,19.0,18.0,0.0,2.307,2.280,0.157,0.76,0.0,5.681,0.5144
08:24:37,1011,49.0,18.0,0.0,6.612,8.870,0.450,2.17,0.0,5.681,0.5152
08:24:38,1262,51.0,18.0,1.0,8.450,6.900,0.575,2.78,0.0,5.681,0.5162
08:24:39,766,36.0,18.0,8.0,3.697,2.370,0.252,1.22,15.2,5.684,0.5167
08:24:41,798,25.0,18.0,8.0,2.675,2.370,0.182,0.88,11.0,5.687,0.5170
08:24:42,810,24.0,18.0,8.0,2.606,2.340,0.177,0.86,10.7,5.690,0.5173
08:24:45,931,22.0,18.0,6.0,2.746,2.180,0.187,0.90,15.0,5.692,0.5176
08:24:46,878,20.0,18.0,3.0,2.355,2.200,0.160,0.77,25.8,5.693,0.5179
08:24:47,885,20.0,18.0,0.0,2.373,2.180,0.161,0.78,0.0,5.693,0.5182
08:24:49,860,20.0,18.0,0.0,2.305,2.120,0.157,0.76,0.0,5.693,0.5185
08:24:50,842,22.0,18.0,0.0,2.484,8.410,0.169,0.82,0.0,5.693,0.5188
08:24:51,1564,39.0,18.0,1.0,7.881,7.120,0.536,2.59,0.0,5.694,0.5197
08:24:53,1493,30.0,18.0,9.0,5.793,4.470,0.394,1.90,21.2,5.697,0.5204
08:24:54,1597,18.0,18.0,9.0,3.715,2.420,0.253,1.22,13.6,5.700,0.5209
08:24:55,1148,17.0,18.0,6.0,2.581,2.280,0.176,0.85,14.1,5.702,0.5212
08:24:57,776,27.0,18.0,5.0,2.808,2.510,0.191,0.92,18.5,5.704,0.5216
08:24:58,822,24.0,18.0,4.0,2.647,3.270,0.180,0.87,21.7,5.706,0.5219
08:24:59,1043,27.0,18.0,4.0,3.752,4.860,0.255,1.23,30.8,5.707,0.5223
08:25:01,1018,26.0,18.0,6.0,3.533,2.180,0.240,1.16,19.4,5.710,0.5228
08:25:02,948,19.0,18.0,5.0,2.415,3.390,0.164,0.79,15.9,5.711,0.5231
08:25:03,878,30.0,18.0,5.0,3.533,2.340,0.240,1.16,23.2,5.713,0.5235
08:25:05,928,22.0,18.0,5.0,2.737,2.180,0.186,0.90,18.0,5.715,0.5238
08:25:06,927,19.0,18.0,2.0,2.361,2.120,0.161,0.78,0.0,5.716,0.5241
08:25:07,886,20.0,18.0,0.0,2.376,2.150,0.162,0.78,0.0,5.716,0.5244
08:25:09,848,20.0,18.0,0.0,2.274,2.100,0.155,0.75,0.0,5.716,0.5247
08:25:10,816,20.0,18.0,0.0,2.190,2.050,0.149,0.72,0.0,5.716,0.5249
